<?xml version="1.0" encoding="UTF-8"?>
<project-private xmlns="http://www.netbeans.org/ns/project-private/1">
    <editor-bookmarks xmlns="http://www.netbeans.org/ns/editor-bookmarks/2" lastBookmarkId="0"/>
    <open-files xmlns="http://www.netbeans.org/ns/projectui-open-files/2">
        <group>
            <file>file:/C:/Users/S524965/Documents/NetBeansProjects/Ambati_%20Lab09StacksDequesAndLinkedList/src/linkedlists/Ambati_ALinkedList.java</file>
            <file>file:/C:/Users/S524965/Documents/NetBeansProjects/Ambati_%20Lab09StacksDequesAndLinkedList/src/linkedlists/Node.java</file>
            <file>file:/C:/Users/S524965/Documents/NetBeansProjects/Ambati_%20Lab09StacksDequesAndLinkedList/src/linkedlists/Tester.java</file>
        </group>
    </open-files>
</project-private>
